{
    "starttime":"11/03/21 18:50",
    "avgfps":8.739,
    "median":8.2,
    "stddev":1.344,
    "animalLocation":{
        "dog1":[243.1309654729418,456.0140372774747],
        "dog2":[555.1025618604406,277.2697875361516],
        "dog3":[32.86355996394235,172.9244477267699],
        "trap":[206.10237223563487,150.9957143980638]
    }
}